{
    "678ffa4b980c2eb729065d08": [
        {
            "craftName": "7.62x54mm R SNB gzh",
            "craftRequiredName": "Gunpowder [Hawk]",
            "craftRequired": "5d6fc87386f77449db3db94e",
            "craftGiven": "560d61e84bdc2da74d8b4571"
        }
    ],
    "678ffb11d7976d97f6aaed04": [
        {
            "craftName": "7.62x54mm R SNB gzh",
            "craftRequiredName": "Gunpowder [Hawk]",
            "craftRequired": "5d6fc87386f77449db3db94e",
            "craftGiven": "560d61e84bdc2da74d8b4571"
        }
    ]
}