[
  {
  "id": "678ff2bd30d6535a3015b2b1", 
  "assortId": "678ff2c06b42a47646b61ec7", 
  "name": "Concrete Barricade", 
  "description": "A large barricade made of concrete, this'll stop pretty much anything from penetrating it.", 
  "width": 2, 
  "height": 3,
  "weight": 1,
  "loyaltyLevel": 1, 
  "fleaPrice": 50000,
  "bundlePath": "barricades/barricade_concrete_wall.bundle",
  "itemType": "5e2af29386f7746d4159f077"
  },
  {
  "id": "678ff37390d6280f45a86203", 
  "assortId": "678ff3771d37e717cb19dd22", 
  "name": "Wooden Barricade Straight", 
  "description": "A large barricade made of wood, this might stop some things from penetrating it.", 
  "width": 2, 
  "height": 3,
  "weight": 1,
  "loyaltyLevel": 1, 
  "cost": 50000, 
  "fleaPrice": 50000,
  "bundlePath": "barricades/barricade_wall_normal.bundle",
  "itemType": "5e2af29386f7746d4159f077"
  },
  {
  "id": "678ff3ce05c307eefe181a71", 
  "assortId": "678ff3d18ad59c828085dd87", 
  "name": "Wooden Barricade Ported", 
  "description": "A large barricade made of wood, this might stop some things from penetrating it. Has a ported window to shoot through.", 
  "width": 2, 
  "height": 3,
  "weight": 1,
  "loyaltyLevel": 1, 
  "cost": 50000, 
  "fleaPrice": 50000,
  "bundlePath": "barricades/barricade_wall_ported.bundle",
  "itemType": "5e2af29386f7746d4159f077"
  },
  {
  "id": "678ff3e4c21cf141a395bcb8", 
  "assortId": "678ff3e774ed616a13e5bf34", 
  "name": "Wooden Barricade Slanted/L", 
  "description": "A large barricade made of wood, this might stop some things from penetrating it. It's slanted from the top, down to the left.", 
  "width": 2, 
  "height": 3,
  "weight": 1,
  "loyaltyLevel": 1, 
  "cost": 50000, 
  "fleaPrice": 50000,
  "bundlePath": "barricades/barricade_wall_slant_left.bundle",
  "itemType": "5e2af29386f7746d4159f077"
  },
  {
  "id": "678ff4195721c677f4811461", 
  "assortId": "678ff41cf380a862b6c861ce", 
  "name": "Wooden Barricade Slanted/R", 
  "description": "A large barricade made of wood, this might stop some things from penetrating it. It's slanted from the top, down to the right.", 
  "width": 2, 
  "height": 3,
  "weight": 1,
  "loyaltyLevel": 1, 
  "cost": 50000, 
  "fleaPrice": 50000,
  "bundlePath": "barricades/barricade_wall_slant_right.bundle",
  "itemType": "5e2af29386f7746d4159f077"
  },
  {
  "id": "678ff465fb1e2993071db8b0", 
  "assortId": "678ff469467731bbc0d2bb5f", 
  "name": "Metal Window Barricade", 
  "description": "A metal sheet window barricade, this might stop some things from penetrating it.", 
  "width": 2, 
  "height": 2,
  "weight": 1,
  "loyaltyLevel": 1, 
  "cost": 50000, 
  "fleaPrice": 50000,
  "bundlePath": "barricades/metal_sheet_window_barricade.bundle",
  "itemType": "5e2af29386f7746d4159f077"
  },
  {
  "id": "678ff42c6e6c4bbf22fa33ea", 
  "assortId": "678ff431d7d834d148d53c12", 
  "name": "Wooden Window Barricade", 
  "description": "A wooden plank window barricade, this won't stop much from penetrating it.", 
  "width": 2, 
  "height": 2,
  "weight": 1,
  "loyaltyLevel": 1, 
  "cost": 50000, 
  "fleaPrice": 50000,
  "bundlePath": "barricades/wooden_planks_window_barricade.bundle",
  "itemType": "5e2af29386f7746d4159f077"
  },
  {
  "id": "678ff49da096c57445051400", 
  "assortId": "678ff4a0b1ff8a8c4800d5cd", 
  "name": "Short Sandbag Pile", 
  "description": "A short pile of sandbags, this might stop some things from penetrating it.", 
  "width": 2, 
  "height": 1,
  "weight": 1,
  "loyaltyLevel": 1, 
  "cost": 50000, 
  "fleaPrice": 50000,
  "bundlePath": "barricades/sandbag_short.bundle",
  "itemType": "5e2af29386f7746d4159f077"
  },
  {
  "id": "678ff4c91b97b9f7ad9c6ac6", 
  "assortId": "678ff4ccb08640505d76e818", 
  "name": "Long Sandbag Pile", 
  "description": "A long pile of sandbags, this might stop some things from penetrating it.", 
  "width": 3, 
  "height": 1,
  "weight": 1,
  "loyaltyLevel": 1, 
  "cost": 50000, 
  "fleaPrice": 50000,
  "bundlePath": "barricades/sandbag_long.bundle",
  "itemType": "5e2af29386f7746d4159f077"
  },
  {
  "id": "678ff4dd44fd09119f8e2660", 
  "assortId": "678ff4e1057e91d6b3c1b023", 
  "name": "Curved Sandbag Pile", 
  "description": "A long curved pile of sandbags, this might stop some things from penetrating it.", 
  "width": 3, 
  "height": 1,
  "weight": 1,
  "loyaltyLevel": 1, 
  "cost": 50000, 
  "fleaPrice": 50000,
  "bundlePath": "barricades/sandbag_curved.bundle",
  "itemType": "5e2af29386f7746d4159f077"
  },
  {
  "id": "678ff56011932ab7c0fafdb0", 
  "assortId": "678ff5622c6cbe5f47d18a8d", 
  "name": "Long Log Stairs", 
  "description": "A long set of stairs made of logs, this might stop some things from penetrating it.", 
  "width": 1, 
  "height": 3,
  "weight": 1,
  "loyaltyLevel": 1, 
  "cost": 50000, 
  "fleaPrice": 50000,
  "bundlePath": "buildingpieces/log_stairs_long.bundle",
  "itemType": "5e2af29386f7746d4159f077"
  },
  {
  "id": "678ff5c287b9b6b521e01ebb", 
  "assortId": "678ff5c6733eb2b8a8ba65e3", 
  "name": "Medium Log Stairs", 
  "description": "A medium set of stairs made of logs, this might stop some things from penetrating it.", 
  "width": 1, 
  "height": 2,
  "weight": 1,
  "loyaltyLevel": 1, 
  "cost": 50000, 
  "fleaPrice": 50000,
  "bundlePath": "buildingpieces/log_stairs_medium.bundle",
  "itemType": "5e2af29386f7746d4159f077"
  },
  {
  "id": "678ff5c83b37c58a7bb6fa41", 
  "assortId": "678ff5cb4c653de74f601ee4", 
  "name": "Short Log Stairs", 
  "description": "A short set of stairs made of logs, this might stop some things from penetrating it.", 
  "width": 1, 
  "height": 1,
  "weight": 1,
  "loyaltyLevel": 1, 
  "cost": 50000, 
  "fleaPrice": 50000,
  "bundlePath": "buildingpieces/log_stairs_short.bundle",
  "itemType": "5e2af29386f7746d4159f077"
  },
  {
  "id": "678ff6a08def9feca215636e", 
  "assortId": "678ff6a6680b58d053a185d6", 
  "name": "Large Ammo Box", 
  "description": "A large sized ammo box, useful for storing spare ammo and magazines. Allows weapon mods and barter items also.", 
  "width": 4, 
  "height": 3,
  "weight": 1,
  "loyaltyLevel": 1, 
  "cost": 50000, 
  "fleaPrice": 50000,
  "bundlePath": "containers/ammo_box_large.bundle",
  "itemType": "5aafbde786f774389d0cbc0f",
  "containerCellsH": 7,
  "containerCellsV": 5,
  "containerFilters": ["5485a8684bdc2da71d8b4567", "543be5cb4bdc2deb348b4568", "5448bc234bdc2d3c308b4569", "5448fe124bdc2da5018b4567", "5448eb774bdc2d0a728b4567"],
  "excludedFilters": ["678ff6a08def9feca215636e", "678ff754fa2aee130bf269da", "678ff749a1b18d76f8bb08d0"]
  },
  {
  "id": "678ff754fa2aee130bf269da", 
  "assortId": "678ff75651a9a283481705d6", 
  "name": "Stubby Ammo Box", 
  "description": "A medium sized ammo box, useful for storing spare ammo and magazines. Allows weapon mods and barter items also.", 
  "width": 2, 
  "height": 2,
  "weight": 1,
  "loyaltyLevel": 1, 
  "cost": 50000, 
  "fleaPrice": 50000,
  "bundlePath": "containers/ammo_box_medium.bundle",
  "itemType": "5aafbde786f774389d0cbc0f",
  "containerCellsH": 6,
  "containerCellsV": 5,
  "containerFilters": ["5485a8684bdc2da71d8b4567", "543be5cb4bdc2deb348b4568", "5448bc234bdc2d3c308b4569", "5448fe124bdc2da5018b4567", "5448eb774bdc2d0a728b4567"],
  "excludedFilters": ["678ff6a08def9feca215636e", "678ff754fa2aee130bf269da", "678ff749a1b18d76f8bb08d0"]
  },
  {
  "id": "678ff749a1b18d76f8bb08d0",
  "assortId": "678ff74cb79a89b9c2b3fd13",
  "name": "Small Ammo Box",
  "description": "A small sized ammo box, useful for storing spare ammo or magazines. Allows weapon mods and barter items also.",
  "width": 2,
  "height": 1,
  "weight": 1,
  "loyaltyLevel": 1, 
  "cost": 50000, 
  "fleaPrice": 50000,
  "bundlePath": "containers/ammo_box_small.bundle",
  "itemType": "5aafbde786f774389d0cbc0f",
  "containerCellsH": 6,
  "containerCellsV": 3,
  "containerFilters": ["5485a8684bdc2da71d8b4567", "543be5cb4bdc2deb348b4568", "5448bc234bdc2d3c308b4569", "5448fe124bdc2da5018b4567", "5448eb774bdc2d0a728b4567"],
  "excludedFilters": ["678ff6a08def9feca215636e", "678ff754fa2aee130bf269da", "678ff749a1b18d76f8bb08d0"]
  },
  {
  "id": "678ff771ed3fba9e8998c76f",
  "assortId": "678ff77550cb975bc9cc30e0",
  "name": "Large Weapon Case",
  "description": "A large weapon case, useful for showing off and storing your weapons. Weapon Mods, Weapons, Ammunition and Magazines.",
  "width": 6,
  "height": 2,
  "weight": 1,
  "loyaltyLevel": 1, 
  "cost": 50000, 
  "fleaPrice": 50000,
  "bundlePath": "containers/fancy_weapon_case.bundle",
  "itemType": "5c0a840b86f7742ffa4f2482",
  "containerCellsH": 8,
  "containerCellsV": 10,
  "containerFilters": ["5448fe124bdc2da5018b4567", "5422acb9af1c889c16000029", "5485a8684bdc2da71d8b4567", "543be5cb4bdc2deb348b4568", "5448bc234bdc2d3c308b4569"],
  "excludedFilters": ["678ff771ed3fba9e8998c76f"]
  },
  {
  "id": "678ff7ec91e978af07400932",
  "assortId": "678ff7eeaab632a5dc457344",
  "name": "Massive Supply Case",
  "description": "A paletted set of supply cases, stores a huge amount of items. Weapon Mods, Weapons, Ammunition, Magazines and Barter Items.",
  "width": 6,
  "height": 5,
  "weight": 1,
  "loyaltyLevel": 1, 
  "cost": 50000, 
  "fleaPrice": 50000,
  "bundlePath": "containers/large_supply_case.bundle",
  "itemType": "5c0a840b86f7742ffa4f2482",
  "containerCellsH": 10,
  "containerCellsV": 12,
  "containerFilters": ["54009119af1c881c07000029"],
  "excludedFilters": ["678ff7ec91e978af07400932"]
  },
  {
  "id": "678ff8278086fc1c3c5f2da9",
  "assortId": "678ff82b0e96ac253d124b21",
  "name": "Storage Rack A",
  "description": "A storage rack, useful for displaying items on.",
  "width": 2,
  "height": 3,
  "weight": 1,
  "loyaltyLevel": 1, 
  "cost": 50000, 
  "fleaPrice": 50000,
  "bundlePath": "furniture/storage_rack_1.bundle",
  "itemType": "5e2af29386f7746d4159f077"
  },
  {
  "id": "678ff8733f09231b114c940c",
  "assortId": "678ff8760d8219bc1c4a6ea7",
  "name": "Storage Rack B",
  "description": "A storage rack, useful for displaying items on.",
  "width": 2,
  "height": 2,
  "weight": 1,
  "loyaltyLevel": 1, 
  "cost": 50000, 
  "fleaPrice": 50000,
  "bundlePath": "furniture/storage_rack_2.bundle",
  "itemType": "5e2af29386f7746d4159f077"
  },
  {
  "id": "678ff8a9d3ae0b5c556fefb5",
  "assortId": "678ff8aba036641fb1772813",
  "name": "Storage Rack C",
  "description": "A storage rack, useful for displaying items on.",
  "width": 2,
  "height": 3,
  "weight": 1,
  "loyaltyLevel": 1, 
  "cost": 50000, 
  "fleaPrice": 50000,
  "bundlePath": "furniture/storage_rack_3.bundle",
  "itemType": "5e2af29386f7746d4159f077"
  },
  {
  "id": "678ff8ca4bfedb30d44b2228",
  "assortId": "678ff8cde4144fe8aa8eaaaa",
  "name": "Storage Rack D",
  "description": "A storage rack, useful for displaying items on.",
  "width": 3,
  "height": 2,
  "weight": 1,
  "loyaltyLevel": 1, 
  "cost": 50000, 
  "fleaPrice": 50000,
  "bundlePath": "furniture/storage_rack_4.bundle",
  "itemType": "5e2af29386f7746d4159f077"
  },
  {
  "id": "678ff8ecdd5d31d75f9380ff",
  "assortId": "678ff8ee55e74cf4b3aeb304",
  "name": "Storage Rack E",
  "description": "A storage rack, useful for displaying items on.",
  "width": 2,
  "height": 3,
  "weight": 1,
  "loyaltyLevel": 1, 
  "cost": 50000, 
  "fleaPrice": 50000,
  "bundlePath": "furniture/storage_rack_5.bundle",
  "itemType": "5e2af29386f7746d4159f077"
  },
  {
  "id": "678ff915db125b1f0a2247d7",
  "assortId": "678ff918e3fceb2c2b125d6b",
  "name": "Comfortable Bed",
  "description": "A lot more comfortable than whatever moldy mattress or sleeping bag you might find out there.",
  "width": 3,
  "height": 1,
  "weight": 1,
  "loyaltyLevel": 1, 
  "cost": 50000, 
  "fleaPrice": 50000,
  "bundlePath": "furniture/bed.bundle",
  "itemType": "5e2af29386f7746d4159f077"
  },
  {
  "id": "678ff970bbb8bdc6515a87b2",
  "assortId": "678ff9757f4cbc1aa48b83d9",
  "name": "Refrigerator",
  "description": "A combined fridge and freezer, useful for storing your food and drink items.",
  "width": 3,
  "height": 4,
  "weight": 1,
  "loyaltyLevel": 1, 
  "cost": 50000, 
  "fleaPrice": 50000,
  "bundlePath": "furniture/fridge.bundle",
  "itemType": "656e0436d44a1bb4220303a0",
  "containerFilters": ["5448e8d04bdc2ddf718b4569", "5448e8d64bdc2dce718b4568"],
  "excludedFilters": []
  },
  {
  "id": "678ffa029b058b02494b45f7",
  "assortId": "678ffa05ec7a27b69343fd7c",
  "name": "Standard Gun Rack",
  "description": "A standard metal rack for gun storage, not very fancy.",
  "width": 2,
  "height": 3,
  "weight": 1,
  "loyaltyLevel": 1, 
  "cost": 50000, 
  "fleaPrice": 50000,
  "bundlePath": "furniture/military_gun_rack.bundle",
  "itemType": "5e2af29386f7746d4159f077"
  },
  {
  "id": "678ffa199f9e15b04a7ff945",
  "assortId": "678ffa1c384be40c37598072",
  "name": "Modernized Gun Rack",
  "description": "A modernized gun rack, can store firearms of many sizes.",
  "width": 2,
  "height": 3,
  "weight": 1,
  "loyaltyLevel": 1, 
  "cost": 50000, 
  "fleaPrice": 50000,
  "bundlePath": "furniture/fancy_gun_rack.bundle",
  "itemType": "5e2af29386f7746d4159f077"
  },
  {
  "id": "678ffa4b980c2eb729065d08",
  "assortId": "678ffa4e2b75a51bed281f6b",
  "name": "Reloading Workbench",
  "description": "A cartridge reloading workbench, useful for recycling those used bullets.",
  "width": 3,
  "height": 2,
  "weight": 1,
  "loyaltyLevel": 1, 
  "cost": 50000, 
  "fleaPrice": 50000,
  "bundlePath": "furniture/reloading_bench.bundle",
  "itemType": "5c0a840b86f7742ffa4f2482",
  "containerCellsH": 4,
  "containerCellsV": 4,
  "containerFilters": ["54009119af1c881c07000029"],
  "excludedFilters": []
  },
  {
  "id": "678ffb11d7976d97f6aaed04",
  "assortId": "678ffb14d8369ff6bba9038f",
  "name": "Workbench",
  "description": "A standard modern workbench, freshly stained wood and recycled metal.",
  "width": 2,
  "height": 3,
  "weight": 1,
  "loyaltyLevel": 1, 
  "cost": 50000, 
  "fleaPrice": 50000,
  "bundlePath": "furniture/work_bench.bundle",
  "itemType": "5e2af29386f7746d4159f077"
  },
  {
  "id": "679028442112ebbc3c5bd553",
  "assortId": "6790284783b561cf896caa66",
  "name": "Builders Backpack",
  "description": "A large backpack, meant for holding building equipment and items. Defies the laws of physics. Some suspension of disbelief is required.",
  "width": 6,
  "height": 7,
  "weight": 1,
  "loyaltyLevel": 1, 
  "cost": 50000, 
  "fleaPrice": 50000,
  "bundlePath": "assets/content/items/equipment/backpack_6sh118/item_equipment_backpack_6sh118.bundle",
  "itemType": "5df8a4d786f77412672a1e3b",
  "containerCellsH": 6,
  "containerCellsV": 24
  }
]